{
  "texts":[

  ],
  "map_code":"Net8Islands",
  "geometry":{
    "height":51200,
    "width":51200
  },
  "airbases":[
    {
      "y":43906.32,
      "runways":[
        [
          [
            37070.3008,
            43846.3242
          ],
          [
            35455.3008,
            43846.3242
          ]
        ],
        [
          [
            35640.3008,
            43966.3242
          ],
          [
            37265.3008,
            43966.3242
          ]
        ]
      ],
      "radius":1206.9867694735,
      "x":36360.3
    },
    {
      "y":11012.23,
      "runways":[
        [
          [
            10925.9502,
            10301.2354
          ],
          [
            10505.3691,
            11870.8652
          ]
        ],
        [
          [
            10671.75,
            11713.5684
          ],
          [
            11089.7432,
            10153.5977
          ]
        ]
      ],
      "radius":1206.9868735692,
      "x":10797.56
    }
  ]
}
