{"texts":[],"geometry":{"height":64000,"width":84800},"map_code":"Desert","airbases":[{"y":48733.11,"x":12792.66,"radius":1055.1280221976,"runways":[[[13547.752,48726.0781],[12037.5615,48740.1484]]]},{"y":21757.29,"x":47564.02,"radius":1208.7843984812,"runways":[[[48162.9844,22440.7656],[47023.125,21300.2383]],[[46965.0625,21073.8203],[48116.4688,22223.1562]]]},{"y":35354.01,"x":70744.11,"radius":1055.1258903699,"runways":[[[71471.6484,35151.7852],[70016.5625,35556.2422]]]}]}
