{"texts":[],"airbases":[{"x":5542.98,"radius":1089.9996371443,"y":19924.81,"runways":[[[4858.8252,20319.8125],[6227.1445,19529.8125]]]},{"x":20486.49,"radius":1090.000070157,"y":17346.09,"runways":[[[19802.3281,17741.0859],[21170.6484,16951.0859]]]},{"x":6441.22,"radius":1075.0,"y":9105.14,"runways":[[[5666.2168,9105.1445],[7216.2168,9105.1445]]]},{"x":17901.1,"radius":1075.0001836555,"y":6014.4,"runways":[[[17229.9297,5626.896],[18572.2695,6401.896]]]}],"map_code":"Empty1","geometry":{"height":25600,"width":25600}}
